T,szG,sz1DMFGS,sz2DMFGS,sz3DMFGS
0.001,NaN,NaN,NaN,NaN
1.001,0.49999845104178187,0.5,0.5000000000000001,0.5000000000000001
2.001,0.4987611176931198,0.4999999999914201,0.49999999999999983,0.5000000000000001
3.001,0.48859553894668,0.49999996580124795,0.49999999999998046,0.5000000000000004
4.001,0.4660061094405047,0.4999978704982826,0.4999999999418775,0.49999999999999745
5.001,0.43569940095721627,0.4999748054509503,0.49999999316175203,0.49999999999732997
6.001,0.4030438360896591,0.49986983391650175,0.4999998389015208,0.49999999972441556
7.001,0.371330048502136,0.4995803541539657,0.4999984810579065,0.49999999254531036
8.001,0.34206901338562934,0.498990884658166,0.4999918990320806,0.4999999127723872
9.001,0.315741431813546,0.49800209432195564,0.499970396203224,0.4999994161033868
10.001,0.2923248735753305,0.4965455127707818,0.4999168678417925,0.49999735438916043
11.001,0.27158463899254603,0.49458563605100886,0.49980708383828726,0.49999096821659694
12.001,0.2532179447664736,0.4921153492764135,0.49961175652279954,0.4999750471990447
13.001,0.2369199868866169,0.48914912981345726,0.49929947310757355,0.49994138072918737
14.001,0.2224111593253927,0.485716383293658,0.49883959541926415,0.49987870060924366
15.001,0.20944582930189498,0.48185585781617074,0.4982045768600222,0.4997731232308036
16.001,0.19781280762556575,0.47761134774538583,0.49737149800541924,0.4996089537971888
17.001,0.18733241689249083,0.47302857675379906,0.49632285476531396,0.4993696604804957
18.001,0.1778524620718087,0.4681530422162429,0.4950467444673773,0.4990388439149437
19.001,0.16924413840016456,0.4630285945346466,0.4935366240486629,0.49860108002230874
20.001,0.16139830020717233,0.4576965553798024,0.4917907993806457,0.49804257190466406
21.001,0.15422222674342964,0.4521952193184543,0.4898117722610395,0.497351593393953
22.001,0.14763689171013833,0.44655962143587075,0.4876055367241391,0.4965187379497335
23.001,0.14157469024175373,0.4408214850954159,0.4851808858960879,0.49553700331616635
24.001,0.13597756024506655,0.4350092883385242,0.4825487668283585,0.49440174842403983
25.001,0.13079543443798572,0.429148405521956,0.4797217034499638,0.4931105583505106
26.001,0.1259849655304464,0.42326129390698947,0.47671329593180245,0.4916630488560629
27.001,0.1215084751780966,0.417367704287185,0.47353779709247534,0.49006063626321206
28.001,0.11733308554939767,0.41148490138005117,0.4702097618426834,0.4883062925426195
29.001,0.11342999973532303,0.40562788438859715,0.4667437631331033,0.48640430013060143
30.001,0.10977390353838723,0.3998096014306768,0.4631541667348465,0.4843600165153418
31.001,0.10634246640921591,0.3940411538452088,0.4594549569350148,0.4821796550558182
32.001,0.10311592356664792,0.38833198800313995,0.455659605519616,0.4798700857700261
33.001,0.10007672478612839,0.3826900733798835,0.4517809770042452,0.4774386578248677
34.001,0.09720923811379986,0.37712206642693435,0.44783126380359317,0.47489304404275784
35.001,0.0944994989875598,0.3716334603133542,0.4438219458054415,0.47224110678085246
36.001,0.09193499702919594,0.36622872096349524,0.43976376957362473,0.4694907839264447
37.001,0.08950449420210002,0.3609114100460147,0.43566674311358816,0.4666499933948711
38.001,0.0871978691785717,0.35568429570707044,0.43154014277668884,0.46372655434190535
39.001,0.08500598368658635,0.35054945191369535,0.4273925294488002,0.4607281232553321
40.001,0.08292056735361697,0.3455083473007283,0.4232317716652376,0.4576621431282768
41.001,0.08093411817072466,0.3405619244102562,0.41906507372135376,0.4545358040091701
42.001,0.0790398161922041,0.33571067018644524,0.4148990072121979,0.45135601334758274
43.001,0.07723144848717364,0.3309546785484063,0.4107395447420633,0.44812937469589825
44.001,0.07550334368754255,0.3262937058147887,0.4065920948023991,0.4448621734730289
45.001,0.07385031474596018,0.3217272197000916,0.4024615370309892,0.44156036864080106
46.001,0.0722676087389672,0.3172544425470664,0.3983522572426394,0.4382295892816581
47.001,0.07075086273362244,0.31287438940407325,0.39426818176726974,0.43487513519511223
48.001,0.069296064887583,0.3085859015022312,0.3902128107502614,0.43150198074842677
49.001,0.06789952007873695,0.3043876756355819,0.38618925016632577,0.42811478132379
50.001,0.06655781946567926,0.3002782898988645,0.38220024237578676,0.42471788179976433
51.001,0.06526781346831914,0.2962562261921784,0.3782481951141515,0.4213153265894607
52.001,0.06402658773175596,0.29231988985994617,0.3743352088548495,0.41791087083239986
53.001,0.06283144169870447,0.2884676267931908,0.3704631025233867,0.4145079924021151
54.001,0.061679869468212106,0.28469773828910583,0.366633437570746,0.41110990444816553
55.001,0.0605695426628054,0.2810084939301203,0.3628475404363448,0.4077195682401069
56.001,0.05949829506389198,0.27739814271592034,0.3591065234475227,0.4043397061230353
57.001,0.0584641088073124,0.2738649226560116,0.3554113042145362,0.4009728144303454
58.001,0.05746510195829743,0.27040706900715183,0.35176262358831006,0.39762117622999954
59.001,0.05649951730849617,0.2670228213191672,0.34816106225346133,0.39428687380665267
60.001,0.055565712257806155,0.26371042943403455,0.34460705603206754,0.39097180080393856
61.001,0.05466214966099209,0.26046815856650785,0.34110090997474984,0.3876776739696828
62.001,0.05378738953393991,0.25729429357975925,0.3376428113153485,0.3844060444622316
63.001,0.052940081527230703,0.2541871425563354,0.33423284136409687,0.38115830868890876
64.001,0.05211895808582229,0.2511450397530349,0.33087098641204954,0.3779357186581821
65.001,0.051322828223264505,0.2481663480179163,0.3275571477167952,0.37473939183581
66.001,0.05055057184724182,0.2452494607384397,0.3242911506363666,0.37157032050225847
67.001,0.04980113458053165,0.24239280338158062,0.3210727529749078,0.36842938061439034
68.001,0.049073523027827776,0.23959483467952092,0.31790165260014275,0.3653173401788854
69.001,0.048366800444440555,0.23685404750812825,0.3147774943891465,0.36223486714842007
70.001,0.04768008276776026,0.2341689694997736,0.31169987655537423,0.3591825368543049
71.001,0.04701253497664146,0.23153816342703165,0.3086683564064254,0.3561608389913203
72.001,0.046363367747632445,0.22896022738938826,0.3056824555786442,0.3531701841719302
73.001,0.045731834380275505,0.2264337948311708,0.30274166479140874,0.35021091006803035
74.001,0.045117227966632256,0.2239575344154687,0.2998454481608515,0.34728328715899265
75.001,0.04451887878276323,0.22153014977576457,0.2969932471098141,0.3443875241050269
76.001,0.043936151882177005,0.21915037916430846,0.29418448390803975,0.34152377276492907
77.001,0.04336844487328845,0.2168169950138968,0.29141856487400114,0.3386921328770921
78.001,0.04281518586472208,0.21452880342762487,0.2886948832672974,0.33589265642232147
79.001,0.04227583156389611,0.21228464360933763,0.28601282189826055,0.33312535168654
80.001,0.04174986551574389,0.21008338724587894,0.28337175547927523,0.33039018704090867
81.001,0.041236796469699716,0.2079239378508037,0.28077105274033154,0.3276870944562609
82.001,0.04073615686420895,0.20580523007795937,0.2782100783294841,0.3250159727680928
83.001,0.04024750141903441,0.20372622901222864,0.2756881945171902,0.32237669070761465
84.001,0.0397704058265399,0.20168592944374905,0.2732047627219158,0.31976908971368845
85.001,0.03930446553394301,0.1996833551310637,0.2707591448729514,0.31719298653970607
86.001,0.03884929460926184,0.19771755805790112,0.26835070462503535,0.314648175668769
87.001,0.03840452468433442,0.19578761768761727,0.26597880843814203,0.3121344315497924
88.001,0.03796980396888075,0.19389264021874805,0.263642826534667,0.30965151066646435
89.001,0.03754479633011079,0.19203175784460885,0.26134213374518483,0.30719915345030074
90.001,0.03712918043285873,0.190204128019427,0.25907611025300803,0.3047770860483916
91.001,0.03672264893566113,0.18840893273310078,0.2568441422468835,0.30238502195577177
92.001,0.03632490773858427,0.18664537779633145,0.25464562249036793,0.30002266352177137
93.001,0.03593567527896446,0.184912692137575,0.2524799508156725,0.29768970333909306
94.001,0.035554681871542926,0.18321012711299642,0.250346534549098,0.2953858255238261
95.001,0.03518166908977133,0.1815369558303805,0.24824478887455315,0.2931107068940739
96.001,0.03481638918532656,0.17989247248774973,0.24617413714108585,0.290864018054371
97.001,0.034458604543113724,0.17827599172727257,0.24413401111983649,0.288645424392604
98.001,0.03410808716925784,0.17668684800488788,0.2421238512153396,0.2864545869956952
99.001,0.033764618209779135,0.1751243949759454,0.24014310663567562,0.284291163489894
100.001,0.03342798749783352,0.17358800489704793,0.23819123552556684,0.2821548088111306
101.001,0.03309799312756151,0.1720770680441841,0.23626770506615327,0.2800451759105078
102.001,0.032774441052742326,0.17059099214715887,0.2343719915448482,0.2779619163996703
103.001,0.032457144708586655,0.16912920184025682,0.23250358039837277,0.2759046811404485
104.001,0.032145924655129804,0.16769113812901276,0.23066196623178625,0.2738731207828972
105.001,0.03184060824080093,0.16627625787291678,0.22884665281607977,0.2718668862555278
106.001,0.03154102928485086,0.16488403328383372,0.22705715306666516,0.26988562921130166
107.001,0.031247027777418945,0.16351395143988523,0.22529298900488479,0.2679290024326747
108.001,0.030958449596106663,0.16216551381451216,0.22355369170446415,0.26599666019877405
109.001,0.030675146238011042,0.160838235820412,0.22183880122466815,0.2640882586175488
110.001,0.03039697456624202,0.15953164636802586,0.22014786653174298,0.2622034559255563
111.001,0.030123796570021982,0.1582452874382385,0.21848044541009512,0.2603419127578359
112.001,0.029855479137524565,0.15697871366893873,0.21683610436451248,0.25850329239016767
113.001,0.029591893840674066,0.15573149195508454,0.21521441851461506,0.2566872609558267
114.001,0.02933291673117533,0.15450320106191007,0.21361497148261205,0.25489348763881564
115.001,0.029078428147099045,0.1532934312509074,0.21203735527533737,0.25312164484539695
116.001,0.028828312529390637,0.15210178391821919,0.2104811701614435,0.25137140835562244
117.001,0.02858245824771405,0.15092787124507437,0.20894602454454925,0.24964245745643784
118.001,0.028340757435082575,0.14977131585990627,0.20743153483305926,0.24793447505782068
119.001,0.02810310583076328,0.148631750511792,0.2059373253073019,0.2462471477933043
120.001,0.02786940263097798,0.14750881775486016,0.2044630279845703,0.24458016610614622
121.001,0.02763955034695159,0.1464021696433159,0.2030082824825866,0.24293322432230308
122.001,0.027413454669892395,0.14531146743674267,0.20157273588186514,0.2413060207112927
123.001,0.027191024342510084,0.14423638131534347,0.2001560425873945,0.2396982575359404
124.001,0.026972171036708348,0.14317659010479286,0.19875786419001498,0.23810964109193766
125.001,0.02675680923710655,0.14213178101037943,0.19737786932783175,0.2365398817380733
126.001,0.026544856130070626,0.14110164936012545,0.1960157335479619,0.23498869391792393
127.001,0.026336231497951806,0.1400858983565787,0.19467113916888512,0.2334557961737507
128.001,0.026130857618249737,0.1390842388369806,0.19334377514363385,0.23194091115327312
129.001,0.025928659167435697,0.13809638904152063,0.1920333369240311,0.23044376560995802
130.001,0.02572956312918584,0.13712207438940097,0.19073952632616334,0.22896409039740007
131.001,0.025533498706791724,0.1361610272624348,0.18946205139724856,0.22750162045833927
132.001,0.02534039723952733,0.1352129867959201,0.18820062628403758,0.22605609480881184
133.001,0.02515019212276537,0.13427769867653166,0.18695497110287798,0.224627256517894
134.001,0.02496281873164996,0.13335491494698404,0.18572481181153674,0.22321485268346827
135.001,0.02477821434814137,0.13244439381722978,0.18450988008287986,0.2218186344044043
136.001,0.024596318091259672,0.13154589948195888,0.1833099131804787,0.22043835674951628
137.001,0.024417070850367206,0.13065920194417924,0.18212465383621113,0.2190737787236391
138.001,0.024240415221334632,0.12978407684466112,0.1809538501299044,0.21772466323112277
139.001,0.024066295445447083,0.1289203052970379,0.1797972553710671,0.21639077703704196
140.001,0.023894657350914672,0.12806767372836395,0.17865462798273798,0.21507189072637548
141.001,0.0237254482968578,0.12722597372493305,0.17752573138747882,0.2137677786614047
142.001,0.0235586171196476,0.12639500188317304,0.17641033389552657,0.21247821893755153
143.001,0.023394114081484507,0.12557455966543513,0.17530820859511623,0.2112029933378601
144.001,0.023231890821109963,0.12476445326050495,0.17421913324497595,0.20994188728631805
145.001,0.023071900306546184,0.12396449344866603,0.17314289016899617,0.20869468980018324
146.001,0.022914096789768218,0.12317449547115683,0.17207926615306524,0.207461193441484
147.001,0.022758435763217816,0.12239427890386345,0.17102805234406077,0.20624119426783172
148.001,0.022604873918070728,0.12162366753509893,0.16998904415098318,0.20503449178268723
149.001,0.022453369104176613,0.12086248924732443,0.16896204114821484,0.20384088888520166
150.001,0.022303880291594136,0.12011057590267338,0.1679468469808831,0.20266019181974243
151.001,0.022156367533646415,0.11936776323214468,0.16694326927230535,0.20149221012521204
152.001,0.022010791931429297,0.11863389072833416,0.16595111953349034,0.20033675658425082
153.001,0.021867115599703668,0.11790880154158237,0.1649702130746696,0.19919364717240973
154.001,0.021725301634111516,0.11719234237941695,0.16400036891883016,0.19806270100737502
155.001,0.021585314079655082,0.11648436340917498,0.1630414097172167,0.19694374029830974
156.001,0.021447117900383422,0.11578471816369418,0.1620931616667748,0.19583659029538222
157.001,0.02131067895023145,0.11509326344996562,0.16115545442950058,0.19474107923953793
158.001,0.021175963944962684,0.11440985926064492,0.16022812105366568,0.19365703831256784
159.001,0.02104294043516558,0.11373436868832384,0.15931099789688108,0.19258430158751966
160.001,0.02091157678025868,0.11306665784246381,0.15840392455096824,0.191522705979498
161.001,0.020781842123459765,0.11240659576890355,0.1575067437686029,0.19047209119688832
162.001,0.020653706367679603,0.11175405437184807,0.15661930139169283,0.18943229969303998
163.001,0.020527140152298007,0.11110890833825615,0.1557414462814611,0.18840317661844427
164.001,0.020402114830787105,0.11047103506454375,0.1548730302501928,0.18738456977342355
165.001,0.020278602449144978,0.10984031458552326,0.1540139079946159,0.18637632956136507
166.001,0.020156575725105402,0.10921662950550354,0.1531639370308785,0.18537830894251867
167.001,0.02003600802809194,0.10859986493147572,0.1523229776310878,0.18439036338837006
168.001,0.019916873359885345,0.10798990840831676,0.15149089276137662,0.18341235083661409
169.001,0.019799146335974377,0.10738664985593885,0.15066754802146612,0.18244413164673626
170.001,0.019682802167563268,0.10678998150832264,0.14985281158568486,0.18148556855621414
171.001,0.019567816644206593,0.1061997978543682,0.1490465541454169,0.18053652663734873
172.001,0.019454166117049476,0.1056159955805051,0.14824864885294275,0.17959687325473375
173.001,0.019341827482645707,0.10503847351500106,0.14745897126664076,0.17866647802336688
174.001,0.019230778167332763,0.1044671325739136,0.14667739929751814,0.17774521276740957
175.001,0.019120996112139937,0.10390187570862988,0.1459038131570388,0.1768329514795955
176.001,0.0190124597582097,0.1033426078549422,0.14513809530621793,0.1759295702812934
177.001,0.018905148032711067,0.10278923588360828,0.144380130405952,0.17503494738321954
178.001,0.01879904033522703,0.10224166855234862,0.14362980526855526,0.17414896304680472
179.001,0.01869411652459596,0.10169981645923146,0.14288700881047123,0.17327149954620988
180.001,0.018590356906190236,0.1011635919974033,0.14215163200613382,0.17240244113099062
181.001,0.018487742219615744,0.10063290931111774,0.14142356784294635,0.1715416739894069
182.001,0.018386253626815396,0.1001076842530233,0.14070271127735257,0.170689086212374
183.001,0.018285872700560535,0.09958783434266841,0.13998895919197227,0.16984456775804915
184.001,0.018186581413318165,0.09907327872618332,0.13928221035377514,0.16900801041705185
185.001,0.018088362126476576,0.09856393813710307,0.1385823653732665,0.16817930777830792
186.001,0.017991197579918183,0.098059734858294,0.13788932666465886,0.16735835519551606
187.001,0.017895070881925823,0.09756059268494763,0.13720299840700745,0.16654504975422638
188.001,0.017799965499410098,0.09706643688861044,0.13652328650628065,0.16573929023952674
189.001,0.017705865248446112,0.09657719418221439,0.135850098558346,0.1649409771043276
190.001,0.017612754285108112,0.09609279268607684,0.1351833438128472,0.16415001243824245
191.001,0.01752061709659128,0.09561316189484179,0.13452293313794741,0.16336629993704815
192.001,0.01742943849261025,0.09513823264532895,0.1338687789859209,0.16258974487272748
193.001,0.0173392035970637,0.09466793708526611,0.13322079535956727,0.16182025406407602
194.001,0.017249897839957146,0.09420220864287432,0.13257889777943088,0.16105773584787253
195.001,0.01716150694957211,0.09374098199728165,0.13194300325180208,0.16030210005060194
196.001,0.017074016944875425,0.09328419304973806,0.1313130302374823,0.15955325796071895
197.001,0.016987414128159267,0.09283177889560834,0.13068889862129235,0.158811122301453
198.001,0.016901685077902046,0.09238367779711776,0.13007052968230598,0.15807560720413377
199.001,0.016816816641846005,0.091939829156828,0.12945784606478872,0.15734662818204018
200.001,0.016732795930280348,0.0915001734918223,0.12885077174982507,0.15662410210475708
201.001,0.016649610309525276,0.0910646524085752,0.12824923202761665,0.15590794717303225
202.001,0.01656724739560861,0.09063320857848953,0.1276531534704335,0.15519808289412884
203.001,0.01648569504812894,0.09020578571407842,0.12706246390620124,0.15449443005765925
204.001,0.016404941364299097,0.08978232854577364,0.1264770923927103,0.15379691071189497
205.001,0.016324974673162546,0.08936278279934115,0.12589696919242804,0.15310544814054575
206.001,0.016245783529979407,0.08894709517388602,0.12532202574790124,0.15241996683999337
207.001,0.016167356710773323,0.08853521332042935,0.1247521946577321,0.15174039249697938
208.001,0.01608968320703602,0.0881270858210397,0.12418740965311395,0.15106665196673164
209.001,0.01601275222058307,0.08772266216850266,0.12362760557491231,0.15039867325152687
210.001,0.015936553158556993,0.08732189274651347,0.12307271835127687,0.14973638547967677
211.001,0.015861075628571197,0.08692472881037658,0.12252268497577243,0.14907971888493238
212.001,0.015786309433991785,0.08653112246819733,0.12197744348601325,0.1484286047862974
213.001,0.015712244569351275,0.08614102666255219,0.12143693294279007,0.1477829755682433
214.001,0.01563887121589136,0.08575439515262218,0.12090109340967686,0.1471427646613176
215.001,0.015566179737229263,0.08537118249677811,0.12036986593310459,0.14650790652313872
216.001,0.01549416067514428,0.08499134403560249,0.11984319252288997,0.14587833661976812
217.001,0.01542280474548044,0.08461483587533725,0.1193210161332095,0.14525399140745424
218.001,0.015352102834162218,0.0842416148717437,0.1188032806440052,0.1446348083147399
219.001,0.015282045993318505,0.08387163861436447,0.11828993084281295,0.14402072572492503
220.001,0.015212625437512395,0.0835048654111743,0.11778091240700223,0.14341168295887913
221.001,0.015143832540073093,0.0831412542736101,0.11727617188641626,0.14280762025819693
222.001,0.015075658829526661,0.08278076490196873,0.11677565668640416,0.1422084787686862
223.001,0.01500809598612271,0.08242335767116252,0.11627931505123346,0.1416142005241866
224.001,0.014941135838453828,0.08206899361682207,0.11578709604787427,0.14102472843070973
225.001,0.014874770360164935,0.08171763442173754,0.11529894955014691,0.14044000625089242
226.001,0.014808991666749899,0.08136924240262766,0.11481482622322187,0.1398599785887617
227.001,0.014743792012432588,0.08102378049722878,0.11433467750846515,0.1392845908747983
228.001,0.01467916378713019,0.08068121225169356,0.11385845560861876,0.13871378935130035
229.001,0.014615099513495045,0.08034150180829253,0.1133861134733107,0.13814752105803366
230.001,0.014551591844034595,0.08000461389340885,0.11291760478488255,0.1375857338181672
231.001,0.014488633558305153,0.07967051380581852,0.11245288394453076,0.13702837622448727
232.001,0.014426217560178506,0.07933916740524871,0.1119919060587505,0.13647539762588343
233.001,0.01436433687517863,0.07901054110120612,0.11153462692607757,0.13592674811410052
234.001,0.014302984647886624,0.07868460184206841,0.11108100302411897,0.13538237851075283
235.001,0.014242154139411878,0.07836131710443137,0.11063099149686545,0.13484224035459216
236.001,0.014181838724927093,0.07804065488270512,0.11018455014228082,0.13430628588902976
237.001,0.014122031891265763,0.0777225836789524,0.1097416374001583,0.13377446804989895
238.001,0.014062727234580408,0.07740707249296297,0.10930221234024085,0.1332467404534606
239.001,0.014003918458058873,0.07709409081255714,0.10886623465059561,0.13272305738464285
240.001,0.01394559936969808,0.07678360860411276,0.10843366462623963,0.13220337378551072
241.001,0.01388776388013313,0.07647559630331008,0.10800446315800774,0.13168764524396115
242.001,0.01383040600051963,0.07617002480608803,0.10757859172165965,0.13117582798263827
243.001,0.013773519840468929,0.07586686545980642,0.1071560123672178,0.13066787884806474
244.001,0.013717099606033317,0.07556609005461001,0.10673668770853278,0.13016375529998472
245.001,0.013661139597741123,0.07526767081498634,0.10632058091306862,0.12966341540091297
246.001,0.013605634208679107,0.07497158039151608,0.10590765569190555,0.12916681780588746
247.001,0.013550577922621876,0.07467779185280721,0.10549787628995155,0.1286739217524203
248.001,0.013495965312205843,0.07438627867761072,0.1050912074763608,0.12818468705064157
249.001,0.013441791037147766,0.07409701474711247,0.10468761453515274,0.12769907407363507
250.001,0.013388049842505634,0.07380997433739603,0.10428706325602657,0.12721704374795884
251.001,0.01333473655698092,0.07352513211207307,0.10388951992536818,0.12673855754434907
252.001,0.013281846091261595,0.07324246311507673,0.10349495131744216,0.12626357746860117
253.001,0.013229373436403902,0.07296194276361331,0.10310332468576877,0.12579206605262672
254.001,0.013177313662252749,0.07268354684126899,0.10271460775467714,0.12532398634568043
255.001,0.013125661915898895,0.07240725149126756,0.10232876871103336,0.12485930190575562
256.001,0.013074413420172376,0.07213303320987435,0.1019457761961386,0.12439797679114303
257.001,0.013023563472170846,0.07186086883994444,0.10156559929779291,0.12393997555214986
258.001,0.012973107441822423,0.07159073556461037,0.1011882075425215,0.12348526322297732
259.001,0.012923040770481647,0.0713226109011052,0.10081357088795953,0.12303380531375085
260.001,0.012873358969557602,0.07105647269471993,0.10044165971539129,0.12258556780270038
261.001,0.012824057619173546,0.07079229911288937,0.10007244482244132,0.12214051712849183
262.001,0.012775132366857817,0.07053006863940464,0.0997058974159119,0.12169862018269792
263.001,0.012726578926263221,0.07026976006874947,0.09934198910476658,0.12125984430241524
264.001,0.012678393075917255,0.0700113525005559,0.09898069189325373,0.12082415726301635
265.001,0.012630570657998968,0.06975482533417779,0.09862197817416801,0.12039152727104008
266.001,0.012583107577144204,0.06950015826337885,0.09826582072224654,0.11996192295721272
267.001,0.01253599979927758,0.06924733127113195,0.09791219268769719,0.11953531336960235
268.001,0.01248924335047047,0.0689963246245277,0.09756106758985494,0.11911166796689629
269.001,0.012442834315824325,0.0687471188697894,0.09721241931096405,0.11869095661180801
270.001,0.01239676883837909,0.06849969482739104,0.09686622209008372,0.11827314956460233
271.001,0.012351043118045357,0.06825403358727791,0.09652245051711295,0.11785821747674369
272.001,0.01230565341056028,0.06801011650418476,0.09618107952693361,0.11744613138465937
273.001,0.01226059602646637,0.06776792519305105,0.0958420843936682,0.11703686270361832
274.001,0.012215867330112679,0.06752744152453061,0.0955054407250499,0.1166303832217239
275.001,0.01217146373867764,0.06728864762059267,0.09517112445690162,0.11622666509401419
276.001,0.012127381721213026,0.06705152585021318,0.09483911184772381,0.11582568083667283
277.001,0.012083617797708862,0.06681605882515373,0.09450937947338578,0.1154274033213438
278.001,0.01204016853817827,0.06658222939582592,0.09418190422192096,0.1150318057695508
279.001,0.011997030561762156,0.06635002064723938,0.09385666328842132,0.11463886174721935
280.001,0.011954200535852777,0.06611941589503176,0.09353363417003074,0.11424854515929439
281.001,0.01191167517523628,0.06589039868157798,0.0932127946610341,0.11386083024446009
282.001,0.011869451241253492,0.0656629527721781,0.09289412284804077,0.11347569156995244
283.001,0.011827525540977685,0.06543706215132045,0.09257759710525895,0.11309310402646511
284.001,0.011785894926411244,0.06521271101901996,0.09226319608986072,0.11271304282314878
285.001,0.011744556293697778,0.06498988378722836,0.09195089873743523,0.11233548348269931
286.001,0.011703506582351308,0.06476856507631648,0.09164068425752658,0.11196040183653275
287.001,0.01166274277450155,0.06454873971162448,0.09133253212925757,0.11158777402004938
288.001,0.011622261894154995,0.06433039272008106,0.09102642209703438,0.11121757646797928
289.001,0.01158206100647119,0.06411350932688845,0.09072233416633263,0.11084978590981251
290.001,0.011542137217053577,0.0638980749522722,0.09042024859956216,0.11048437936531103
291.001,0.011502487671255807,0.06368407520829425,0.09012014591200879,0.1101213341400974
292.001,0.01146310955350166,0.06347149589572787,0.08982200686785116,0.10976062782132445
293.001,0.011424000086618924,0.06326032300099338,0.08952581247625319,0.10940223827342013
294.001,0.011385156531187018,0.0630505426931523,0.08923154398752653,0.10904614363390652
295.001,0.0113465761848979,0.06284214132096033,0.08893918288936542,0.10869232230929365
296.001,0.011308256381929505,0.06263510540997552,0.08864871090315071,0.10834075297104484
297.001,0.011270194492332714,0.06242942165972376,0.08836010998032096,0.10799141455161176
298.001,0.011232387921429166,0.062225076940915613,0.08807336229881074,0.10764428624053934
299.001,0.011194834109223062,0.062022058292718674,0.08778845025955392,0.10729934748063985
300.001,0.011157530529823101,0.061820352920079646,0.08750535648304983,0.10695657796422953
301.001,0.01112047469087643,0.0616199481910982,0.08722406380599307,0.10661595762943521
302.001,0.01108366413301451,0.06142083163444986,0.08694455527796299,0.10627746665656143
303.001,0.01104709642930879,0.06122299093685729,0.08666681415817437,0.10594108546452169
304.001,0.011010769184737923,0.06102641394060887,0.08639082391228525,0.10560679470733003
305.001,0.010974680035665096,0.060831088641123854,0.08611656820926344,0.10527457527065498
306.001,0.010938826649325939,0.06063700318456253,0.08584403091830778,0.10494440826842952
307.001,0.010903206723325926,0.06044414586548083,0.08557319610582612,0.10461627503952162
308.001,0.010867817985148048,0.06025250512452884,0.08530404803246555,0.10429015714446052
309.001,0.010832658191669536,0.06006206954619056,0.08503657115019611,0.10396603636221863
310.001,0.010797725128688651,0.059872827856566696,0.08477075009944668,0.10364389468704777
311.001,0.01076301661045967,0.059684768921197034,0.08450656970629092,0.10332371432536991
312.001,0.010728530479237636,0.0594978817429232,0.08424401497968237,0.1030054776927207
313.001,0.010694264604831305,0.059312155459789934,0.08398307110874015,0.10268916741074216
314.001,0.010660216884164797,0.05912757934298518,0.08372372346007928,0.10237476630422868
315.001,0.01062638524084783,0.05894414279481705,0.08346595757519062,0.10206225739822208
316.001,0.010592767624753224,0.058761835346727076,0.08320975916786474,0.10175162391515341
317.001,0.010559362011604012,0.058580646657340085,0.08295511412166134,0.10144284927203526
318.001,0.010526166402566262,0.05840056651054848,0.08270200848742243,0.10113591707769873
319.001,0.010493178823851812,0.0582215848136311,0.08245042848082862,0.10083081113007747
320.001,0.010460397326326143,0.05804369159540576,0.08220036047999738,0.10052751541353686
321.001,0.010427819985125347,0.05786687700441431,0.08195179102312339,0.10022601409624565
322.001,0.010395444899279627,0.057691131307140375,0.08170470680615816,0.099926291527595
323.001,0.010363270191343227,0.05751644488625862,0.08145909468053111,0.09962833223565437
324.001,0.010331294007032393,0.05734280823891491,0.08121494165090798,0.09933212092467492
325.001,0.010299514514868935,0.057170211975036356,0.08097223487298841,0.09903764247263
326.001,0.010267929905830642,0.05699864681567174,0.08073096165134061,0.09874488192879821
327.001,0.010236538393008476,0.05682810359136076,0.08049110943727306,0.0984538245113834
328.001,0.010205338211269843,0.05665857324053131,0.0802526658267419,0.09816445560517653
329.001,0.010174327616927548,0.05649004680792538,0.08001561855829381,0.09787676075925392
330.001,0.01014350488741525,0.05632251544305167,0.07977995551104344,0.09759072568471175
331.001,0.010112868320969137,0.05615597039866596,0.07954566470268468,0.09730633625243976
332.001,0.010082416236314173,0.05599040302927627,0.07931273428753549,0.09702357849092891
333.001,0.010052146972357318,0.05582580478967514,0.07908115255461556,0.09674243858411549
334.001,0.010022058887885127,0.055662167233496485,0.07885090792575489,0.09646290286925874
335.001,0.009992150361267854,0.05549948201179722,0.07862198895373562,0.09618495783485412
336.001,0.009962419790167765,0.05533774087166321,0.07839438432046308,0.09590859011857839
337.001,0.009932865591253282,0.055176935654839,0.07816808283516741,0.09563378650526841
338.001,0.009903486199918182,0.05501705829638065,0.07794307343263568,0.09536053392493216
339.001,0.009874280070005598,0.05485810082333156,0.07771934517147225,0.0950888194507904
340.001,0.009845245673536784,0.054700055353420846,0.07749688723238765,0.09481863029735152
341.001,0.009816381500444837,0.0545429140937832,0.07727568891651634,0.09454995381851342
342.001,0.009787686058313066,0.05438666933970043,0.07705573964376078,0.0942827775056996
343.001,0.009759157872117952,0.05423131347336482,0.0768370289511632,0.09401708898602087
344.001,0.009730795483976318,0.054076838962661744,0.07661954649130381,0.09375287602046756
345.001,0.009702597452897477,0.053923238359973646,0.07640328203072466,0.09349012650213112
346.001,0.009674562354538868,0.05377050430100411,0.07618822544837894,0.0932288284544513
347.001,0.009646688780966695,0.05361862950362001,0.07597436673410612,0.09296897002949248
348.001,0.009618975340420166,0.053467606766714804,0.07576169598712992,0.09271053950624572
349.001,0.00959142065708013,0.05331742896908859,0.07555020341458243,0.09245352528895787
350.001,0.009564023370841085,0.05316808906834833,0.07533987933005054,0.09219791590548707
351.001,0.009536782137088168,0.05301958009982477,0.0751307141521452,0.0919437000056813
352.001,0.009509695626476744,0.05287189517550797,0.07492269840309546,0.09169086635978563
353.001,0.009482762524716443,0.052725027482999565,0.07471582270736221,0.09143940385687077
354.001,0.009455981532358687,0.05257897028448272,0.07451007779027646,0.09118930150328758
355.001,0.009429351364587807,0.05243371691570836,0.07430545447669665,0.0909405484211443
356.001,0.009402870751015785,0.05228926078499799,0.07410194368968934,0.09069313384680833
357.001,0.009376538435479975,0.05214559537226238,0.07389953644922931,0.09044704712942886
358.001,0.009350353175844955,0.05200271422803662,0.07369822387092057,0.09020227772948478
359.001,0.009324313743807072,0.051860610972529975,0.07349799716473746,0.08995881521735158
360.001,0.009298418924702623,0.05171927929469167,0.0732988476337845,0.08971664927189216
361.001,0.009272667517318978,0.05157871295129085,0.07310076667307755,0.08947576967906881
362.001,0.009247058333708785,0.05143890576601204,0.07290374576834138,0.08923616633057463
363.001,0.009221590199007756,0.05129985162856421,0.07270777649482799,0.08899782922248684
364.001,0.00919626195125453,0.05116154449380461,0.07251285051615225,0.08876074845394097
365.001,0.009171072441214567,0.05102397838087602,0.07231895958314527,0.08852491422582259
366.001,0.009146020532206312,0.05088714737235783,0.07212609553272642,0.08829031683948152
367.001,0.009121105099929833,0.05075104561343044,0.07193425028679151,0.08805694669546218
368.001,0.009096325032299235,0.05061566731105291,0.07174341585111854,0.08782479429225551
369.001,0.009071679229277124,0.050481006733153144,0.07155358431429104,0.08759385022506888
370.001,0.00904716660271171,0.050347058207831114,0.07136474784663546,0.08736410518461177
371.001,0.009022786076176681,0.050213816122574306,0.07117689869917765,0.08713554995590339
372.001,0.008998536584814532,0.050081274923485325,0.07099002920261313,0.08690817541709517
373.001,0.00897441707518018,0.049949429114521465,0.07080413176629347,0.08668197253831075
374.001,0.008950426505089731,0.04981827325674654,0.07061919887722842,0.08645693238050467
375.001,0.008926563843469848,0.049687801967593204,0.07043522309910236,0.08623304609433599
376.001,0.0089028280702102,0.04955800992013759,0.07025219707130653,0.08601030491905953
377.001,0.008879218176017917,0.04942889184238508,0.07007011350798434,0.0857887001814327
378.001,0.008855733162275226,0.04930044251656579,0.06988896519709259,0.08556822329463865
379.001,0.00883237204089804,0.049172656778442764,0.0697087449994751,0.08534886575722506
380.001,0.008809133834197902,0.04904552951662869,0.06952944584795198,0.08513061915205763
381.001,0.00878601757474523,0.04891905567191468,0.0693510607464202,0.0849134751452903
382.001,0.008763022305235624,0.04879323023660814,0.06917358276896962,0.08469742548534806
383.001,0.008740147078357352,0.04866804825388116,0.06899700505901074,0.08448246200192688
384.001,0.00871739095666138,0.048543504817128436,0.06882132082841574,0.08426857660500639
385.001,0.00869475301243361,0.04841959506933535,0.06864652335667229,0.08405576128387676
386.001,0.008672232327568474,0.04829631420245478,0.06847260599004953,0.08384400810618087
387.001,0.008649827993445436,0.048173657456794056,0.06829956214077662,0.08363330921696843
388.001,0.00862753911080616,0.04805162012041039,0.06812738528623274,0.08342365683776504
389.001,0.008605364789634612,0.04793019752851596,0.0679560689681496,0.08321504326565338
390.001,0.008583304149038795,0.047809385062891174,0.06778560679182488,0.0830074608723684
391.001,0.008561356317133728,0.04768917815130719,0.06761599242534769,0.08280090210340474
392.001,0.0085395204309269,0.04756957226695646,0.0674472195988347,0.0825953594771367
393.001,0.008517795636205222,0.04745056292789246,0.06727928210367798,0.08239082558395097
394.001,0.008496181087423532,0.04733214569647676,0.0671121737918027,0.08218729308539213
395.001,0.008474675947595045,0.04721431617883487,0.06694588857493686,0.08198475471331768
396.001,0.008453279388183244,0.047097070024319565,0.06678042042388979,0.0817832032690693
397.001,0.00843199058899563,0.04698040292498301,0.06661576336784278,0.08158263162265067
398.001,0.00841080873807909,0.04686431061505497,0.06645191149364879,0.0813830327119211
399.001,0.008389733031616164,0.046748788870430213,0.066288858945142,0.08118439954179696
400.001,0.008368762673824054,0.0466338335081625,0.06612659992245776,0.08098672518346711
401.001,0.008347896876854166,0.046519440385966226,0.06596512868136223,0.08079000277361714
402.001,0.008327134860693503,0.04640560540172456,0.06580443953259077,0.08059422551366496
403.001,0.00830647585306743,0.046292324493006326,0.06564452684119662,0.08039938666900809
404.001,0.008285919089344285,0.04617959363658769,0.06548538502590806,0.08020547956827898
405.001,0.008265463812440726,0.04606740884798244,0.06532700855849474,0.08001249760261284
406.001,0.008245109272728868,0.04595576618097791,0.06516939196314345,0.07982043422492424
407.001,0.008224854727944986,0.04584466172717838,0.06501252981584174,0.07962928294919414
408.001,0.0082046994430989,0.04573409161555414,0.06485641674377085,0.07943903734976637
409.001,0.008184642690385657,0.045624052011997734,0.06470104742470695,0.07924969106065394
410.001,0.008164683749097512,0.04551453911888592,0.06454641658643079,0.07906123777485485
411.001,0.008144821905537614,0.04540554917464801,0.06439251900614443,0.07887367124367656
412.001,0.008125056452935486,0.04529707845334052,0.06423934950989854,0.07868698527607054
413.001,0.008105386691362487,0.04518912326422764,0.0640869029720248,0.07850117373797541
414.001,0.008085811927649789,0.0450816799513675,0.0639351743145781,0.07831623055166881
415.001,0.00806633147530672,0.04497474489320413,0.06378415850678532,0.07813214969512802
416.001,0.008046944654440752,0.04486831450216594,0.06363385056450271,0.07794892520139923
417.001,0.008027650791677943,0.04476238522426848,0.06348424554967921,0.07776655115797598
418.001,0.008008449220085673,0.04465695353872409,0.06333533856982881,0.07758502170618434
419.001,0.00798933927909537,0.04455201595755584,0.06318712477750879,0.07740433104057798
420.001,0.007970320314426738,0.04444756902521746,0.06303959936980574,0.0772244734083401
421.001,0.007951391678013509,0.04434360931821868,0.06289275758782817,0.07704544310869388
422.001,0.00793255272792956,0.044240133444755164,0.0627465947162067,0.07686723449232113
423.001,0.007913802828316219,0.04413713804434344,0.06260110608259978,0.07668984196078749
424.001,0.00789514134931138,0.0440346197874624,0.06245628705720746,0.07651325996597635
425.001,0.007876567666978085,0.043932575375197125,0.0623121330522908,0.07633748300952992
426.001,0.007858081163235886,0.04383100153888994,0.06216863952169799,0.07616250564229701
427.001,0.007839681225791761,0.04372989503979505,0.062025801960396726,0.07598832246378939
428.001,0.007821367248072641,0.04362925266873802,0.06188361590401323,0.07581492812164384
429.001,0.007803138629158934,0.04352907124578004,0.061742076928376965,0.07564231731109233
430.001,0.0077849947737187175,0.043429347619886705,0.061601180649071635,0.07547048477443863
431.001,0.007766935091942817,0.04333007866860111,0.06146092272099202,0.07529942530054173
432.001,0.007748958999481137,0.043231261297721896,0.061321298837907046,0.07512913372430646
433.001,0.007731065917379681,0.04313289244098467,0.06118230473202799,0.07495960492617973
434.001,0.007713255272018049,0.04303496905974866,0.06104393617358336,0.07479083383165436
435.001,0.007695526495048538,0.042937488142687275,0.060906188970397956,0.07462281541077884
436.001,0.007677879023335554,0.04284044670548215,0.060769058967479306,0.07445554467767351
437.001,0.0076603122988961325,0.042743841790522485,0.06063254204660776,0.07428901669005306
438.001,0.007642825768840733,0.0426476704666075,0.06049663412593298,0.07412322654875436
439.001,0.007625418885316038,0.04255192982865283,0.06036133115957565,0.07395816939727198
440.001,0.0076080911054468014,0.042456616997401386,0.06022662913723392,0.07379384042129822
441.001,0.00759084189128012,0.042361729119137825,0.060092524083795396,0.07363023484826955
442.001,0.007573670709729585,0.04226726336540626,0.05995901205895421,0.07346734794691884
443.001,0.007556577032520273,0.042173216932732516,0.05982608915683213,0.07330517502683342
444.001,0.00753956033613476,0.04207958704234946,0.059693751505606296,0.07314371143801834
445.001,0.007522620101759525,0.041986370939926076,0.05956199526714004,0.07298295257046566
446.001,0.007505755815232357,0.04189356589530052,0.059430816636619616,0.07282289385372875
447.001,0.007488966966990307,0.041801169202215605,0.059300211842194916,0.07266353075650239
448.001,0.007472253052018318,0.041709178178059025,0.05917017714462516,0.07250485878620772
449.001,0.0074556135697987636,0.041617590163605944,0.05904070883692908,0.07234687348858274
450.001,0.007439048024261402,0.04152640252276568,0.05891180324403961,0.07218957044727836
451.001,0.0074225559237339755,0.041435612642330755,0.058783456722462324,0.0720329452834578
452.001,0.007406136780893746,0.04134521793173046,0.05865566565993979,0.07187699365540348
453.001,0.00738979011271973,0.04125521582278632,0.05852842647511822,0.07172171125812679
454.001,0.00737351544044465,0.04116560376947151,0.05840173561722001,0.07156709382298382
455.001,0.007357312289508866,0.04107637924767302,0.05827558956571899,0.07141313711729547
456.001,0.007341180189513963,0.040987539754957225,0.05814998483002132,0.07125983694397223
457.001,0.0073251186741774,0.04089908281033769,0.05802491794914916,0.07110718914114378
458.001,0.007309127281287353,0.0408110059540471,0.05790038549142876,0.07095518958179298
459.001,0.007293205552658805,0.04072330674731081,0.057776384054182506,0.07080383417339486
460.001,0.007277353034089246,0.04063598277212449,0.05765291026342456,0.07065311885755948
461.001,0.0072615692753159045,0.040549031631033544,0.057529960773561234,0.0705030396096793
462.001,0.00724585382997317,0.040462450946916084,0.057407532267093386,0.07035359243858105
463.001,0.007230206255550015,0.04037623836276802,0.057285621454324254,0.07020477338618189
464.001,0.007214626113349026,0.04029039154149172,0.057164225073069896,0.0700565785271497
465.001,0.007199112968445359,0.040204908165686365,0.05704333988837365,0.06990900396856714
466.001,0.007183666389645849,0.04011978593744131,0.05692296269222369,0.0697620458496008
467.001,0.00716828594944946,0.04003502257813246,0.05680309030327449,0.06961570034117284
468.001,0.00715297122400782,0.03995061582822054,0.056683719566572255,0.06946996364563837
469.001,0.007137721793086249,0.03986656344705222,0.05656484735328163,0.06932483199646533
470.001,0.007122537240025206,0.03978286321266383,0.05644647056041885,0.069180301657919
471.001,0.007107417151702378,0.03969951292158713,0.05632858611058528,0.06903636892474979
472.001,0.007092361118495566,0.03961651038865782,0.056211190951706014,0.06889303012188541
473.001,0.007077368734245165,0.03953385344682614,0.05609428205677083,0.0687502816041266
474.001,0.007062439596218162,0.03945153994697037,0.05597785642357905,0.06860811975584524
475.001,0.007047573305071664,0.03936956775771172,0.0558619110744866,0.06846654099068872
476.001,0.00703276946481754,0.039287934765232346,0.055746443056156225,0.06832554175128519
477.001,0.007018027682787226,0.03920663887309522,0.05563144943931214,0.06818511850895348
478.001,0.007003347569596918,0.039125678002066205,0.055516927318495335,0.06804526776341696
479.001,0.006988728739113659,0.039045050089938305,0.055402873811824016,0.06790598604251952
480.001,0.0069741708084208875,0.03896475309135827,0.055289286060755505,0.06776726990194654
481.001,0.00695967339778536,0.03888478497765502,0.0551761612298515,0.0676291159249475
482.001,0.006945236130624366,0.03880514373667021,0.055063496506546405,0.06749152072206266
483.001,0.006930858633472703,0.03872582737259109,0.05495128910091751,0.06735448093085347
484.001,0.0069165405359507826,0.03864683390578527,0.054839536245459675,0.06721799321563529
485.001,0.006902281470732463,0.038568161372637216,0.054728235194860336,0.06708205426721359
486.001,0.006888081073514185,0.03848980782538705,0.054617383225779276,0.06694666080262296
487.001,0.006873938982983496,0.03841177133197121,0.054506977636629816,0.0668118095648702
488.001,0.0068598548407886595,0.03833404997586495,0.05439701574736314,0.06667749732267886
489.001,0.0068458282915082325,0.038256641855926754,0.05428749489925483,0.0665437208702378
490.001,0.006831858982621342,0.038179545086244715,0.05417841245469418,0.06641047702695291
491.001,0.00681794656447815,0.038102757795984654,0.05406976579697581,0.06627776263720059
492.001,0.00680409069027027,0.0380262781292397,0.053961552330093976,0.06614557457008499
493.001,0.0067902910160027585,0.037950104244882654,0.0538537694785389,0.06601390971919804
494.001,0.006776547200464805,0.037874234316419036,0.053746414687095956,0.06588276500238144
495.001,0.006762858905202396,0.0377986665318423,0.05363948542064689,0.06575213736149271
496.001,0.006749225794489666,0.03772339909349087,0.05353297916397334,0.06562202376217258
497.001,0.0067356475353023415,0.03764843021790687,0.053426893421562816,0.06549242119361626
498.001,0.00672212379729023,0.037573758135696106,0.05332122571741699,0.06536332666834585
499.001,0.006708654252749968,0.037499381091390394,0.05321597359486191,0.0652347372219873
500.001,0.006695238576599649,0.037425297343310515,0.053111134616360606,0.06510664991304838
501.001,0.006681876446351681,0.037351505163432164,0.05300670636332794,0.06497906182269952
502.001,0.006668567542087278,0.03727800283725194,0.05290268643594764,0.06485197005455753
503.001,0.006655311546431314,0.03720478866365598,0.05279907245299101,0.0647253717344716
504.001,0.006642108144526315,0.03713186095478968,0.052695862051638065,0.06459926401031138
505.001,0.0066289570240083695,0.03705921803592904,0.052593052887300984,0.06447364405175826
506.001,0.006615857874982034,0.03698685824535347,0.052490642633448825,0.0643485090500982
507.001,0.006602810389995883,0.036914779934220265,0.052388628981435204,0.06422385621801677
508.001,0.0065898142640188895,0.03684298146643983,0.05228700964032701,0.06409968278939801
509.001,0.006576869194416274,0.036771461218553264,0.0521857823367356,0.06397598601912347
510.001,0.006563974880926193,0.03670021757961117,0.05208494481465015,0.06385276318287522
511.001,0.006551131025636758,0.036629248951052934,0.05198449483527198,0.06373001157693997
512.001,0.006538337332962357,0.03655855374658873,0.05188443017685193,0.06360772851801547
513.001,0.0065255935096220075,0.03648813039208196,0.05178474863452848,0.0634859113430205
514.001,0.00651289926461604,0.036417977325433115,0.051685448020168445,0.06336455740890479
515.001,0.0065002543092044784,0.03634809299646577,0.051586526162209406,0.06324366409246235
516.001,0.00648765835688514,0.03627847586681243,0.0514879809055033,0.06312322879014692
517.001,0.006475111123371485,0.03620912440980334,0.051389810111162504,0.06300324891788928
518.001,0.006462612326571943,0.0361400371103551,0.05129201165640723,0.06288372191091565
519.001,0.006450161686568423,0.03607121246486142,0.05119458343441502,0.06276464522357017
520.001,0.0064377589255953105,0.036002648981084906,0.051097523354170976,0.06264601632913733
521.001,0.006425403768019089,0.035934345178049915,0.05100082934032102,0.062527832719667
522.001,0.006413095940317637,0.035866299585936595,0.05090449933302563,0.062410091905802156
523.001,0.006400835171060437,0.03579851074597659,0.05080853128781598,0.062292791416607374
524.001,0.00638862119088815,0.03573097721034915,0.05071292317545101,0.06217592879939993
525.001,0.006376453732493292,0.03566369754207899,0.0506176729817768,0.062059501619582125
526.001,0.0063643325306003695,0.0355966703149353,0.05052277870758698,0.06194350746047658
527.001,0.006352257321947163,0.03552989411333146,0.05042823836848448,0.061827943923161544
528.001,0.0063402278452651395,0.03546336753222595,0.05033404999474572,0.061712808626309845
529.001,0.006328243841260628,0.035397089177025054,0.05024021163118536,0.061598099206028684
530.001,0.006316305052596699,0.03533105766348543,0.050146721337022804,0.06148381331570035
531.001,0.006304411223874096,0.03526527161761914,0.05005357718575068,0.06136994862582684
532.001,0.006292562101613608,0.03519972967559845,0.04996077726500403,0.06125650282387396
533.001,0.006280757434237588,0.035134430483662604,0.04986831967643093,0.06114347361411848
534.001,0.006268996972052521,0.03506937269802493,0.049776202535565556,0.06103085871749592
535.001,0.00625728046723123,0.035004554984781694,0.04968442397170125,0.06091865587145126
536.001,0.006245607673795395,0.03493997601982146,0.04959298212776583,0.06080686282979003
537.001,0.0062339783475986454,0.03487563448873532,0.049501875160198244,0.06069547736253142
538.001,0.006222392246309272,0.03481152908672863,0.049411101238825805,0.06058449725576326
539.001,0.006210849129393237,0.0347476585185334,0.049320658546743945,0.060473920311498175
540.001,0.0061993487580983,0.03468402149832134,0.04923054528019585,0.060363744347531695
541.001,0.006187890895436504,0.03462061674961858,0.049140759648455073,0.060253967197301084
542.001,0.006176475306168772,0.034557443005220706,0.04905129987370754,0.06014458670974618
543.001,0.006165101756788333,0.03449449900710885,0.04896216419093641,0.06003560074917247
544.001,0.0061537700155049335,0.03443178350636694,0.04887335084780742,0.0599270071951139
545.001,0.006142479852229155,0.03436929526309934,0.04878485810455496,0.059818803942198406
546.001,0.006131231038556673,0.03430703304635019,0.04869668423387105,0.059710988900015194
547.001,0.006120023347753245,0.03424499563402278,0.04860882752079354,0.05960355999298128
548.001,0.006108856554738806,0.03418318181279997,0.04852128626259636,0.05949651516021226
549.001,0.006097730436073173,0.03412159037806603,0.04843405876868173,0.059389852355392625
550.001,0.00608664476994053,0.03406022013382867,0.04834714336047172,0.05928356954664771
551.001,0.006075599336135051,0.03399906989264223,0.04826053837130276,0.05917766471641739
552.001,0.00606459391604619,0.03393813847553137,0.04817424214631999,0.05907213586133081
553.001,0.0060536282926443585,0.03387742471191618,0.04808825304237341,0.05896698099208236
554.001,0.006042702250466464,0.033816927439537486,0.04800256942791489,0.05886219813330934
555.001,0.006031815575601923,0.033756645504383065,0.0479171896828961,0.05875778532347031
556.001,0.006020968055678783,0.03369657776061513,0.047832112198667925,0.058653740614725086
557.001,0.00601015947984973,0.033636723070497615,0.047747335377880784,0.058550062072816295
558.001,0.005999389638778663,0.033577080304325435,0.04766285763438541,0.058446747776951
559.001,0.0059886583246270275,0.03351764834035342,0.04757867739313559,0.058343795819685074
560.001,0.005977965331040308,0.0334584260647266,0.047494793090091525,0.05824120430680729
561.001,0.0059673104531350885,0.0333994123714112,0.047411203172123856,0.05813897135722618
562.001,0.005956693487485953,0.03334060616212578,0.04732790609691934,0.05803709510285621
563.001,0.005946114232112276,0.03328200634627421,0.047244900332886586,0.057935573688506825
564.001,0.005935572486465646,0.03322361184087805,0.04716218435906422,0.057834405271771694
565.001,0.005925068051417043,0.03316542157051075,0.04707975666502817,0.05773358802291914
566.001,0.005914600729244601,0.03310743446723152,0.046997615750801636,0.057633120124784
567.001,0.0059041703236207554,0.03304964947052086,0.04691576012676438,0.057532999772660354
568.001,0.005893776639600362,0.03299206552721609,0.04683418831356462,0.05743322517419561
569.001,0.005883419483608265,0.032934681591447995,0.046752898842030516,0.05733379454928528
570.001,0.005873098663427473,0.03287749662457756,0.04667189025308299,0.05723470612996884
571.001,0.005862813988187332,0.032820509595133884,0.04659116109764949,0.057135958160327516
572.001,0.005852565268351428,0.03276371947875242,0.04651070993657894,0.057037548896381685
573.001,0.0058423523157062895,0.032707125258114395,0.04643053534055666,0.056939476605990136
574.001,0.005832174943349755,0.032650725922885704,0.04635063589002142,0.05684173956875066
575.001,0.005822032965679458,0.03259452046965794,0.04627101017508184,0.0567443360759009
576.001,0.005811926198381723,0.03253850790188856,0.046191656795435104,0.05664726443022061
577.001,0.005801854458420325,0.03248268722984288,0.046112574360285485,0.056550522945934795
578.001,0.005791817564025303,0.03242705747053576,0.046033761488264074,0.056454109948617937
579.001,0.005781815334682333,0.03237161764767452,0.04595521680734954,0.05635802377509869
580.001,0.005771847591121704,0.03231636679160199,0.045876938954788865,0.05626226277336638
581.001,0.005761914155307579,0.03226130393924029,0.045798926577020144,0.05616682530247763
582.001,0.005752014850427478,0.03220642813403532,0.0457211783295948,0.05607170973246464
583.001,0.00574214950088181,0.032151738425901855,0.045643692877101794,0.05597691444424341
584.001,0.005732317932273551,0.03209723387116856,0.045566468893091516,0.055882437829523735
585.001,0.005722519971397472,0.03204291353252453,0.04548950506000138,0.055788278290720056
586.001,0.005712755446230899,0.031988776478965475,0.045412800069081605,0.055694434240862595
587.001,0.005703024185922806,0.03193482178574131,0.045336352620321596,0.05560090410350979
588.001,0.005693326020784317,0.031881048534303125,0.04526016142237785,0.05550768631266162
589.001,0.0056836607822784435,0.03182745581225205,0.04518422519250159,0.05541477931267333
590.001,0.005674028303010781,0.03177404271328768,0.045108542656467715,0.05532218155817087
591.001,0.005664428416719713,0.03172080833715707,0.045033112548504534,0.05522989151396612
592.001,0.005654860958266478,0.03166775178960479,0.04495793361122355,0.05513790765497395
593.001,0.005645325763626363,0.03161487218232295,0.04488300459555078,0.055046228466129166
594.001,0.005635822669878554,0.03156216863290187,0.044808324260658144,0.05495485244230508
595.001,0.005626351515197692,0.0315096402647814,0.044733891373895884,0.05486377808823201
596.001,0.00561691213884391,0.0314572862072027,0.044659704710725,0.05477300391841747
597.001,0.00560750438115426,0.031405105595159966,0.04458576305465137,0.05468252845706695
598.001,0.005598128083533549,0.03135309756935356,0.044512065197159945,0.05459235023800446
599.001,0.005588783088445404,0.031301261276142744,0.04443860993764903,0.05450246780459517
600.001,0.005579469239403445,0.031249595867499452,0.04436539608336659,0.05441287970966818
601.001,0.005570186380962683,0.03119810050096211,0.04429242244934595,0.05432358451543992
602.001,0.00556093435871069,0.0311467743395904,0.044219687858342405,0.05423458079343901
603.001,0.00555171301925908,0.03109561655191989,0.04414719114077095,0.054145867124430175
604.001,0.005542522210235101,0.031044626311917456,0.04407493113464411,0.054057442098341485
605.001,0.00553336178027336,0.03099380279893707,0.044002906685510323,0.05396930431418953
606.001,0.005524231579007111,0.03094314519767613,0.043931116646393376,0.05388145238000752
607.001,0.005515131457060424,0.030892652698131823,0.043859559877732074,0.05379388491277254
608.001,0.005506061266040085,0.03084232449555857,0.04378823524732048,0.05370660053833437
609.001,0.005497020858526991,0.030792159790425183,0.043717141630249146,0.05361959789134507
610.001,0.005488010088068734,0.030742157788372942,0.04364627790884604,0.05353287561518813
611.001,0.005479028809171532,0.03069231770017375,0.043575642972619066,0.05344643236190977
612.001,0.005470076877292285,0.03064263874168896,0.04350523571819831,0.05336026679214967
613.001,0.005461154148830749,0.030593120133828366,0.04343505504927958,0.053274377575073195
614.001,0.005452260481122184,0.03054376110250978,0.04336509987656775,0.05318876338830408
615.001,0.005443395732429579,0.03049456087861896,0.04329536911772097,0.05310342291785708
616.001,0.005434559761935909,0.030445518697969576,0.04322586169729575,0.05301835485807194
617.001,0.005425752429737168,0.03039663380126431,0.04315657654669183,0.05293355791154836
618.001,0.005416973596834462,0.03034790543405541,0.043087512604098155,0.05284903078908021
619.001,0.005408223125126954,0.03029933284670655,0.04301866881443939,0.05276477220959183
620.001,0.0053995008774047615,0.030250915294354086,0.04295004412932221,0.052680780900074
621.001,0.005390806717341545,0.030202652036869615,0.042881637506983095,0.05259705559552086
622.001,0.005382140509487404,0.030154542338822143,0.0428134479122361,0.052513595038867183
623.001,0.005373502119262019,0.03010658546944131,0.04274547431642092,0.052430397980926885
624.001,0.005364891412947714,0.030058780702579946,0.042677715697351404,0.052347463180331094
625.001,0.00535630825768213,0.030011127316678432,0.0426101710392659,0.05226478940346735
626.001,0.005347752521452004,0.029963624594727845,0.04254283933277592,0.05218237542442
627.001,0.00533922407308593,0.02991627182423459,0.042475719574816495,0.05210022002490963
628.001,0.005330722782247832,0.02986906829718472,0.04240881076859762,0.05201832199423445
629.001,0.005322248519430556,0.029822013310009166,0.04234211192355475,0.051936680129211654
630.001,0.00531380115594865,0.029775106163548615,0.042275622055300055,0.051855293234119304
631.001,0.0053053805639325935,0.029728346163019226,0.04220934018557543,0.05177416012063829
632.001,0.005296986616321969,0.029681732617978462,0.04214326534220417,0.051693279607796516
633.001,0.005288619186858967,0.029635264842291204,0.042077396559044355,0.05161265052191116
634.001,0.005280278150082279,0.029588942154096465,0.042011732875941926,0.05153227169653357
635.001,0.005271963381320854,0.029542763875774203,0.04194627333868478,0.05145214197239362
636.001,0.005263674756687459,0.029496729333911814,0.041881016998956605,0.051372260197344255
637.001,0.005255412153072764,0.02945083785927255,0.04181596291429185,0.0512926252263079
638.001,0.005247175448139019,0.029405088786762512,0.041751110148030596,0.05121323592122193
639.001,0.005238964520314221,0.029359481455398906,0.041686457769274154,0.05113409115098566
640.001,0.005230779248786066,0.029314015208278643,0.041622004852840816,0.051055189791406774
641.001,0.005222619513495896,0.02926868939254626,0.04155775047922233,0.05097653072514938
642.001,0.005214485195133095,0.02922350335936369,0.04149369373454034,0.05089811284168194
643.001,0.005206376175129118,0.029178456463878705,0.0414298337105036,0.05081993503722554
644.001,0.005198292335651555,0.029133548065194803,0.04136616950436539,0.050741996214702934
645.001,0.0051902335595988,0.029088777526341036,0.04130270021888155,0.05066429528368788
646.001,0.005182199730594056,0.029044144214241452,0.04123942496226837,0.05058683116035528
647.001,0.005174190732980061,0.028999647499686282,0.04117634284816163,0.05050960276743083
648.001,0.0051662064518132045,0.028955286757301746,0.041113452995575284,0.05043260903414254
649.001,0.005158246772858255,0.028911061365521185,0.041050754528860756,0.05035584889617145
650.001,0.005150311582582667,0.028866970706556305,0.04098824657766703,0.05027932129560331
651.001,0.005142400768151756,0.02882301416636837,0.04092592827690045,0.05020302518088088
652.001,0.005134514217422559,0.028779191134639892,0.04086379876668533,0.050126959506756164
653.001,0.0051266518189390375,0.028735501004746478,0.040801857192324764,0.050051123234243294
654.001,0.0051188134619268855,0.028691943173728862,0.04074010270426151,0.04997551533057218
655.001,0.005110999036288033,0.028648517042265675,0.040678534458039706,0.04990013476914204
656.001,0.005103208432595596,0.028605222014645743,0.04061715161426713,0.04982498052947548
657.001,0.005095441542088741,0.028562057498741023,0.04055595333857642,0.04975005159717316
658.001,0.005087698256667855,0.02851902290597985,0.04049493880158872,0.04967534696386894
659.001,0.005079978468889246,0.028476117651320132,0.04043410717887547,0.04960086562718491
660.001,0.005072282071960255,0.028433341153223157,0.04037345765092251,0.04952660659068739
661.001,0.00506460895973454,0.028390692833627357,0.04031298940309322,0.04945256886384303
662.001,0.00505695902670672,0.028348172117922427,0.04025270162559222,0.04937875146197512
663.001,0.005049332168008069,0.02830577843492338,0.040192593513429714,0.0493051534062211
664.001,0.005041728279401497,0.028263511216845727,0.04013266426638601,0.049231773723489275
665.001,0.005034147257276578,0.028221369899279314,0.0400729130889762,0.04915861144641648
666.001,0.005026588998645387,0.028179353921164108,0.04001333919041555,0.04908566561332678
667.001,0.005019053401137175,0.02813746272476514,0.039953941784584335,0.049012935268189145
668.001,0.0050115403629942545,0.028095695755647743,0.03989472008999412,0.04894041946057645
669.001,0.005004049783067316,0.028054052462653495,0.039835673329753685,0.04886811724562512
670.001,0.004996581560810814,0.028012532297875953,0.03977680073153489,0.04879602768399349
671.001,0.004989135596278282,0.027971134716636814,0.039718101527540156,0.04872414984182291
672.001,0.004981711790118248,0.02792985917746199,0.03965957495446845,0.04865248279069717
673.001,0.004974310043569713,0.027888705142058212,0.03960122025348295,0.0485810256076033
674.001,0.004966930258457403,0.027847672075290014,0.039543036670178666,0.048509777374892094
675.001,0.004959572337188051,0.02780675944515615,0.03948502345454977,0.04843873718023989
676.001,0.004952236182745595,0.027765966722767044,0.03942717986095795,0.048367904116609656
677.001,0.004944921698687099,0.02772529338232199,0.03936950514810081,0.04829727728221339
678.001,0.004937628789138615,0.027684738901086747,0.03931199857898007,0.048226855780473726
679.001,0.004930357358790799,0.027644302759370992,0.039254659420870835,0.04815663871998643
680.001,0.004923107312894859,0.027603984440506546,0.03919748694529057,0.04808662521448423
681.001,0.004915878557258446,0.02756378343082519,0.03914048042796847,0.04801681438279895
682.001,0.004908670998241715,0.02752369921963732,0.03908363914881513,0.047947205348825295
683.001,0.004901484542752826,0.02748373129920978,0.03902696239189263,0.047877797241485026
684.001,0.004894319098244587,0.027443879164745166,0.03897044944538469,0.04780858919469047
685.001,0.004887174572709874,0.027404142314360225,0.038914099601566804,0.04773958034730963
686.001,0.004880050874678271,0.02736452024906527,0.03885791215677731,0.047670769843130095
687.001,0.004872947913211384,0.02732501247274291,0.038801886411388126,0.047602156830824915
688.001,0.004865865597899921,0.027285618492127933,0.03874602166977617,0.04753374046391712
689.001,0.004858803838859088,0.027246337816786398,0.038690317240294564,0.04746551990074596
690.001,0.004851762546725286,0.02720716995909564,0.038634772435244324,0.0473974943044326
691.001,0.004844741632651806,0.027168114434224122,0.038579386570846586,0.047329662842846065
692.001,0.004837741008305918,0.02712917076011162,0.038524158967214256,0.0472620246885701
693.001,0.004830760585864069,0.027090338457449098,0.038469088948325236,0.0471945790188697
694.001,0.00482380027800941,0.02705161704965975,0.038414175841993914,0.04712732501565803
695.001,0.004816859997927192,0.027013006062878875,0.03835941897984518,0.04706026186546425
696.001,0.004809939659301432,0.026974505025935264,0.038304817697286636,0.046993388759400706
697.001,0.0048030391763118074,0.026936113470331563,0.03825037133348269,0.04692670489313064
698.001,0.0047961584636295185,0.026897830930225963,0.03819607923132734,0.04686020946683678
699.001,0.004789297436413903,0.026859656942412602,0.03814194073741847,0.04679390168518943
700.001,0.004782456010309188,0.026821591046303883,0.03808795520203187,0.04672778075731515
701.001,0.004775634101440662,0.026783632783911437,0.038034121979094726,0.04666184589676575
702.001,0.004768831626411729,0.02674578169982783,0.03798044042616136,0.046596096321487646
703.001,0.004762048502300026,0.0267080373412088,0.03792690990438652,0.046530531253790974
704.001,0.004755284646654423,0.02667039925775494,0.03787352977850103,0.04646514992031936
705.001,0.004748539977491278,0.026632867001693872,0.03782029941678661,0.04639995155202015
706.001,0.004741814413291717,0.02659544012776288,0.03776721819105114,0.04633493538411426
707.001,0.004735107872997746,0.02655811819319087,0.03771428547660435,0.0462701006560666
708.001,0.004728420276009365,0.026520900757681543,0.03766150065223317,0.0462054466115574
709.001,0.004721751542181157,0.026483787383395713,0.037608863100177775,0.04614097249845203
710.001,0.004715101591819287,0.026446777634934276,0.03755637220610769,0.04607667756877326
711.001,0.004708470345678117,0.02640987107932158,0.03750402735909816,0.046012561078671965
712.001,0.004701857724957098,0.026373067285988094,0.03745182795160645,0.04594862228839891
713.001,0.0046952636512977985,0.026336365826754082,0.03739977337944855,0.04588486046227705
714.001,0.004688688046780631,0.026299766275813152,0.037347863041776036,0.04582127486867282
715.001,0.004682130833921938,0.026263268209715362,0.03729609634105335,0.04575786477996932
716.001,0.004675591935670659,0.02622687120735165,0.037244472683034685,0.045694629472538356
717.001,0.004669071275405889,0.026190574849936976,0.03719299147674171,0.045631568226713104
718.001,0.004662568776933135,0.026154378720994798,0.037141652134441094,0.04556868032676176
719.001,0.004656084364481866,0.02611828240634112,0.03709045407162198,0.04550596506086013
720.001,0.004649617962702607,0.026082285494068658,0.037039396706974814,0.0454434217210653
721.001,0.004643169496663657,0.026046387574531316,0.03698847946236844,0.04538104960328948
722.001,0.004636738891848485,0.026010588240328703,0.03693770176282926,0.045318848007273316
723.001,0.004630326074152646,0.025974887086290616,0.03688706303651945,0.04525681623656061
724.001,0.004623930969881257,0.02593928370946208,0.03683656271471544,0.04519495359847253
725.001,0.004617553505745664,0.025903777709088083,0.03678620023178722,0.04513325940408136
726.001,0.004611193608861253,0.025868368686598586,0.0367359750251772,0.045071732968186395
727.001,0.0046048512067442815,0.02583305624559379,0.036685886535378964,0.04501037360928778
728.001,0.004598526227309052,0.02579783999182922,0.03663593420591735,0.0449491806495623
729.001,0.004592218598865522,0.025762719533201278,0.03658611748332791,0.04488815341483823
730.001,0.004585928250116306,0.025727694479732693,0.036536435817135976,0.0448272912345713
731.001,0.00457965511015429,0.02569276444355789,0.03648688865983707,0.04476659344182002
732.001,0.004573399108459469,0.0256579290389094,0.03643747546687687,0.044706059373221946
733.001,0.004567160174896973,0.02562318788210291,0.03638819569663132,0.044645688368969205
734.001,0.004560938239713708,0.0255885405915236,0.03633904881038713,0.04458547977278546
735.001,0.004554733233536501,0.025553986787612448,0.036290034272321914,0.044525432931901754
736.001,0.0045485450873687105,0.02551952609285199,0.03624115154948529,0.04446554719703366
737.001,0.004542373732588645,0.025485158131752755,0.03619240011177943,0.04440582192235798
738.001,0.004536219100946065,0.025450882530840102,0.03614377943194019,0.044346256465489564
739.001,0.004530081124560409,0.025416698918639846,0.03609528898551809,0.044286850187458704
740.001,0.004523959735917682,0.02538260692566585,0.03604692825085981,0.04422760245268856
741.001,0.004517854867868626,0.02534860618440607,0.0359986967090892,0.0441685126289727
742.001,0.0045117664536256374,0.02531469632930991,0.03595059384408936,0.04410958008745269
743.001,0.004505694426760631,0.02528087699677456,0.03590261914248394,0.04405080420259638
744.001,0.004499638721202848,0.02524714782513285,0.03585477209361937,0.04399218435217567
745.001,0.004493599271236048,0.02521350845463957,0.035807052189546607,0.043933719917244596
746.001,0.004487576011496436,0.025179958527459245,0.03575945892500321,0.043875410282118554
747.001,0.004481568876969905,0.025146497687653424,0.035711991797395926,0.043817254834352004
748.001,0.004475577802990349,0.025113125581168044,0.03566465030678301,0.04375925296471772
749.001,0.004469602725236443,0.025079841855820878,0.03561743395585665,0.04370140406718609
750.001,0.0044636435797305585,0.025046646161289543,0.03557034224992575,0.04364370753890309
751.001,0.0044577003028351825,0.025013538149099013,0.03552337469689881,0.04358616278017091
752.001,0.004451772831251477,0.02498051747260932,0.03547653080726709,0.0435287691944263
753.001,0.004445861102017001,0.02494758378700382,0.035429810094087216,0.04347152618822109
754.001,0.004439965052502909,0.02491473674927691,0.03538321207296491,0.04341443317120075
755.001,0.004434084620412337,0.024881976018222784,0.035336736262038065,0.043357489556085704
756.001,0.004428219743777939,0.024849301254422584,0.035290382181960456,0.04330069475865031
757.001,0.004422370360959882,0.024816712120233925,0.03524414935588516,0.04324404819770358
758.001,0.004416536410643435,0.02478420827977834,0.03519803730944854,0.04318754929506949
759.001,0.004410717831836886,0.024751789398930246,0.03515204557075405,0.04313119747556746
760.001,0.004404914563869711,0.024719455145305713,0.03510617367035598,0.043074992166992815
761.001,0.004399126546390075,0.024687205188250683,0.035060421141244,0.043018932800098136
762.001,0.00439335371936303,0.024655039198829748,0.035014787518827195,0.04296301880857373
763.001,0.004387596023068097,0.02462295684981572,0.034969272340918456,0.04290724962902903
764.001,0.004381853398097657,0.024590957815677494,0.03492387514771911,0.04285162470097367
765.001,0.004376125785354734,0.02455904177257001,0.034878595481803276,0.04279614346679897
766.001,0.004370413126050576,0.02452720839832287,0.03483343288810281,0.04274080537175967
767.001,0.0043647153617032974,0.02449545737242967,0.03478838691389219,0.04268560986395531
768.001,0.004359032434135407,0.024463788376037354,0.034743457108773274,0.04263055639431226
769.001,0.004353364285472144,0.02443220109193525,0.03469864302466058,0.04257564441656564
770.001,0.004347710858139092,0.02440069520454502,0.03465394421576656,0.04252087338724131
771.001,0.004342072094860788,0.024369270399909743,0.0346093602385866,0.04246624276563854
772.001,0.0043364479386582555,0.0243379263656838,0.03456489065188453,0.042411752013811616
773.001,0.004330838332847559,0.02430666279112248,0.03452053501667862,0.042357400596553185
774.001,0.0043252432210375,0.0242754793670715,0.034476292896226446,0.04230318798137625
775.001,0.004319662547127762,0.024244375785957423,0.03443216385601128,0.04224911363849751
776.001,0.00431409625530757,0.024213351741777023,0.034388147463727925,0.042195177040819654
777.001,0.004308544290053229,0.024182406930087386,0.03434424328926797,0.04214137766391518
778.001,0.004303006596126285,0.024151541047996383,0.0343004509047069,0.042087714986008606
779.001,0.00429748311857206,0.02412075379415224,0.03425676988428966,0.04203418848796042
780.001,0.004291973802717786,0.024090044868734117,0.03421319980441684,0.04198079765325047
781.001,0.0042864785941704175,0.02405941397344269,0.034169740243631674,0.04192754196796125
782.001,0.004280997438815243,0.024028860811489583,0.03412639078260574,0.04187442092076166
783.001,0.004275530282813911,0.023998385087588725,0.034083151004126316,0.041821434002890956
784.001,0.004270077072602879,0.023967986507946737,0.03404002049308258,0.04176858070814232
785.001,0.004264637754891221,0.023937664780252915,0.03399699883645252,0.041715860532847204
786.001,0.004259212276659541,0.023907419613670544,0.03395408562329005,0.04166327297585928
787.001,0.004253800585157397,0.023877250718827375,0.033911280444711644,0.04161081753853904
788.001,0.0042484026279026865,0.02384715780780644,0.033868582893883864,0.04155849372473769
789.001,0.00424301835267879,0.023817140594136865,0.03382599256600988,0.04150630104078193
790.001,0.004237647707533765,0.023787198792785014,0.03378350905831759,0.0414542389954585
791.001,0.004232290640778291,0.02375733212014508,0.03374113197004652,0.04140230709999915
792.001,0.004226947100984035,0.02372754029403079,0.03369886090243521,0.04135050486806491
793.001,0.004221617036981956,0.023697823033665966,0.03365669545870917,0.04129883181573202
794.001,0.004216300397861056,0.023668180059676025,0.03361463524406799,0.0412472874614756
795.001,0.004210997132966188,0.02363861109407897,0.03357267986567378,0.04119587132615632
796.001,0.004205707191896668,0.023609115860277308,0.03353082893263848,0.04114458293300455
797.001,0.004200430524505111,0.023579694083048774,0.03348908205601189,0.04109342180760647
798.001,0.004195167080895068,0.023550345488538404,0.033447438848769884,0.041042387477889186
799.001,0.0041899168114200025,0.023521069804249506,0.033405898925802396,0.040991479474106196
800.001,0.004184679666681679,0.023491866759035557,0.03336446190390169,0.04094069732882388
801.001,0.004179455597528442,0.023462736083091906,0.033323127401750474,0.040890040576906456
802.001,0.00417424455505358,0.023433677507947365,0.03328189503991044,0.04083950875550235
803.001,0.0041690464905942415,0.023404690766455988,0.03324076444081053,0.04078910140403014
804.001,0.004163861355729659,0.023375775592789055,0.03319973522873601,0.04073881806416457
805.001,0.004158689102279317,0.02334693172242669,0.03315880702981622,0.040688658279823015
806.001,0.004153529682302093,0.023318158892150193,0.03311797947201406,0.04063862159715165
807.001,0.004148383048094423,0.023289456840033557,0.03307725218511448,0.04058870756451177
808.001,0.0041432491521886106,0.023260825305436272,0.03303662480071326,0.040538915732466874
809.001,0.004138127947351966,0.023232264028994615,0.03299609695220626,0.0404892456537683
810.001,0.004133019386584835,0.023203772752614565,0.03295566827477803,0.04043969688334306
811.001,0.004127923423119351,0.023175351219463514,0.03291533840539135,0.04039026897827974
812.001,0.004122840010418238,0.023146999173963012,0.03287510698277615,0.04034096149781616
813.001,0.004117769102172653,0.023118716361780728,0.032834973647419025,0.04029177400332576
814.001,0.004112710652301843,0.023090502529823115,0.032794938041552285,0.04024270605830532
815.001,0.004107664614950851,0.023062357426228003,0.032754999809143565,0.040193757228361215
816.001,0.004102630944489594,0.02303428080035677,0.03271515859588564,0.04014492708119813
817.001,0.0040976095955113645,0.023006272402787076,0.03267541404918506,0.04009621518660489
818.001,0.004092600522831363,0.022978331985305744,0.03263576581815286,0.040047621116443194
819.001,0.004087603681485696,0.022950459300901005,0.03259621355359396,0.03999914444463437
820.001,0.0040826190267294615,0.022922654103755657,0.03255675690799653,0.039950784747147416
821.001,0.004077646514035971,0.022894916149239497,0.032517395535522436,0.039902541601986724
822.001,0.0040726860990950575,0.022867245193902597,0.03247812909199693,0.0398544145891796
823.001,0.004067737737812022,0.02283964099546759,0.032438957234898674,0.03980640329076468
824.001,0.004062801386305992,0.022812103312823406,0.03239987962334989,0.03975850729077937
825.001,0.004057877000909205,0.02278463190601754,0.032360895918106564,0.03971072617524854
826.001,0.004052964538164644,0.02275722653624951,0.03232200578154862,0.039663059532171946
827.001,0.0040480639548263475,0.022729886965863783,0.03228320887767025,0.03961550695151353
828.001,0.00404317520785652,0.022702612958343277,0.03224450487207017,0.03956806802518842
829.001,0.004038298254425365,0.02267540427830203,0.032205893431942356,0.03952074234705291
830.001,0.004033433051909396,0.022648260691478517,0.03216737422606636,0.03947352951289146
831.001,0.004028579557890322,0.02262118196472976,0.03212894692479781,0.03942642912040614
832.001,0.004023737730153576,0.022594167866023473,0.03209061120005924,0.03937944076920538
833.001,0.004018907526687487,0.022567218164432246,0.032052366725330655,0.03933256406079222
834.001,0.0040140889056817786,0.02254033263012667,0.03201421317564049,0.03928579859855327
835.001,0.0040092818255265394,0.022513511034369105,0.031976150227556344,0.039239143987748054
836.001,0.004004486244810673,0.022486753149506794,0.03193817755917583,0.0391925998354975
837.001,0.003999702122321147,0.02246005874896584,0.03190029485011764,0.039146165750772954
838.001,0.003994929417041687,0.02243342760724465,0.031862501781512426,0.03909984134438599
839.001,0.003990168088151502,0.022406859499907478,0.03182479803599442,0.03905362622897682
840.001,0.003985418095023924,0.022380354203578368,0.03178718329769195,0.03900752001900387
841.001,0.003980679397225906,0.02235391149593488,0.031749657252218844,0.03896152233073358
842.001,0.00397595195451611,0.022327531155701685,0.031712219586665924,0.038915632782229065
843.001,0.003971235726844352,0.022301212962644645,0.0316748699895924,0.03886985099334023
844.001,0.003966530674350155,0.02227495669756452,0.031637608151016794,0.03882417658569315
845.001,0.003961836757361614,0.02224876214229113,0.031600433762409064,0.03877860918267975
846.001,0.003957153936394564,0.022222629079677148,0.03156334651668147,0.03873314840944747
847.001,0.003952482172151162,0.022196557293592017,0.031526346108180836,0.03868779389288918
848.001,0.003947821425518971,0.022170546568916316,0.031489432232679554,0.03864254526163294
849.001,0.003943171657569633,0.022144596691535567,0.031452604587367955,0.03859740214603202
850.001,0.0039385328295584165,0.022118707448334662,0.0314158628708453,0.03855236417815491
851.001,0.003933904902922031,0.022092878627191614,0.031379206783112346,0.03850743099177539
852.001,0.003929287839278844,0.022067110016972452,0.03134263602556275,0.038462602222362585
853.001,0.0039246816004267215,0.02204140140752464,0.03130615030097511,0.03841787750707146
854.001,0.003920086148342716,0.022015752589672172,0.03126974931350518,0.038373256484732804
855.001,0.0039155014451817405,0.021990163355209313,0.03123343276867746,0.03832873879584375
856.001,0.003910927453275259,0.021964633496895425,0.031197200373377865,0.03828432408255805
857.001,0.003906364135130902,0.02193916280844907,0.031161051835845277,0.038240011988676825
858.001,0.0039018114534308534,0.021913751084542576,0.031124986865664284,0.03819580215963872
859.001,0.0038972693710310757,0.02188839812079671,0.031089005173757123,0.03815169424251108
860.001,0.0038927378509603927,0.021863103713774812,0.03105310647237597,0.03810768788598001
861.001,0.0038882168564191855,0.02183786766097795,0.03101729047509591,0.03806378274034161
862.001,0.003883706350778643,0.02181268976083886,0.030981556896806234,0.03801997845749247
863.001,0.0038792062975797625,0.021787569812716984,0.030945905453703904,0.03797627469092063
864.001,0.0038747166605324623,0.021762507616893384,0.03091033586328576,0.037932671095696646
865.001,0.003870237403514082,0.021737502974564782,0.03087484784434097,0.037889167328464535
866.001,0.003865768490569077,0.021712555687838975,0.0308394411169437,0.03784576304743259
867.001,0.0038613098859077988,0.02168766555972934,0.030804115402446014,0.03780245791236475
868.001,0.0038568615539052165,0.02166283239414954,0.030768870423470263,0.0377592515845718
869.001,0.00385242345910064,0.021638055995908595,0.03073370590390223,0.03771614372690235
870.001,0.0038479955661961107,0.021613336170705877,0.030698621568883477,0.03767313400373451
871.001,0.0038435778400557896,0.021588672725125713,0.030663617144804756,0.03763022208096689
872.001,0.0038391702457054033,0.021564065466632504,0.03062869235929852,0.037587407626010094
873.001,0.003834772748330245,0.02153951420356598,0.030593846941232072,0.037544690307778406
874.001,0.0038303853132752863,0.02151501874513581,0.030559080620700757,0.03750206979668119
875.001,0.0038260079060440932,0.021490578901416924,0.030524393129020555,0.037459545764614355
876.001,0.0038216404922973846,0.02146619448334458,0.030489784198721614,0.037417117884952
877.001,0.003817283037852587,0.021441865302709584,0.030455253563541174,0.03737478583253839
878.001,0.003812935508683002,0.021417591172153083,0.030420800958417066,0.03733254928367957
879.001,0.0038085978709164747,0.02139337190516233,0.03038642611948067,0.03729040791613508
880.001,0.00380427009083506,0.02136920731606562,0.030352128784050025,0.0372483614091097
881.001,0.0037999521348738297,0.021345097220027365,0.030317908690623896,0.037206409443245714
882.001,0.003795643969619844,0.021321041433043947,0.030283765578874522,0.037164551700614695
883.001,0.0037913455618118763,0.021297039771938364,0.030249699189641155,0.03712278786470971
884.001,0.0037870568783388847,0.021273092054356013,0.030215709264923785,0.03708111762043692
885.001,0.0037827778862397077,0.02124919809876022,0.03018179554787631,0.037039540654108305
886.001,0.003778508552701648,0.02122535772442724,0.030147957782800494,0.036998056653433475
887.001,0.0037742488450603073,0.021201570751441995,0.030114195715139153,0.03695666530751204
888.001,0.003769998730798252,0.021177837000693506,0.030080509091470142,0.03691536630682585
889.001,0.0037657581775442928,0.021154156293870408,0.030046897659499944,0.03687415934323157
890.001,0.0037615271530728744,0.021130528453456254,0.03001336116805725,0.036833044109952306
891.001,0.003757305625302937,0.021106953302725773,0.02997989936708692,0.03679202030157136
892.001,0.0037530935622974715,0.021083430665739478,0.029946512007643644,0.03675108761402346
893.001,0.003748890932262189,0.02105996036734037,0.029913198841886146,0.03671024574458784
894.001,0.00374469770354538,0.021036542233148603,0.029879959623070468,0.036669494391880914
895.001,0.0037405138446366115,0.02101317608955794,0.029846794105544527,0.036628833255848925
896.001,0.0037363393241660048,0.02098986176373102,0.02981370204474168,0.03658826203776022
897.001,0.003732174110903874,0.020966599083595494,0.029780683197174918,0.03654778044019841
898.001,0.0037280181737593676,0.02094338787783928,0.029747737320430873,0.03650738816705518
899.001,0.0037238714817799945,0.020920227975906786,0.029714864173164185,0.0364670849235226
900.001,0.003719734004150904,0.020897119207994724,0.029682063515090784,0.03642687041608672
901.001,0.003715605710193859,0.020874061405047634,0.02964933510698342,0.0363867443525199
902.001,0.003711486569366873,0.020851054398754315,0.02961667871066448,0.036346706441874044
903.001,0.003707376551263186,0.020828098021543118,0.029584094089001145,0.03630675639447367
904.001,0.003703275625610486,0.020805192106578413,0.029551581005899497,0.036266893921908905
905.001,0.0036991837622702695,0.020782336487756098,0.029519139226298563,0.036227118737028496
906.001,0.0036951009312370386,0.020759530999700182,0.02948676851616508,0.036187430553933114
907.001,0.0036910271026377173,0.02073677547775815,0.02945446864248727,0.036147829087968375
908.001,0.0036869622467309293,0.020714069757997555,0.029422239373270126,0.036108314055718405
909.001,0.0036829063339058055,0.02069141367720162,0.029390080477529307,0.03606888517499851
910.001,0.003678859334681872,0.020668807072865808,0.029357991725285665,0.03602954216484955
911.001,0.0036748212197081354,0.020646249783193432,0.02932597288756003,0.03599028474553004
912.001,0.003670791959762082,0.02062374164709249,0.029294023736367553,0.03595111263851042
913.001,0.003666771525749457,0.020601282504171037,0.029262144044712557,0.03591202556646644
914.001,0.003662759888703182,0.020578872194734005,0.02923033358658292,0.03587302325327235
915.001,0.0036587570197828267,0.020556510559779112,0.029198592136945034,0.03583410542399462
916.001,0.0036547628902739715,0.020534197440993274,0.0291669194717383,0.03579527180488537
917.001,0.0036507774715872354,0.02051193268074869,0.02913531536786984,0.03575652212337643
918.001,0.0036468007352580822,0.020489716122099377,0.029103779603209673,0.03571785610807243
919.001,0.0036428326529455712,0.020467547608777337,0.029072311956585106,0.035679273488745
920.001,0.0036388731964321908,0.020445426985188725,0.029040912207775688,0.03564077399632595
921.001,0.0036349223376229423,0.020423354096410884,0.0290095801375084,0.03560235736290196
922.001,0.003630980048544591,0.02040132878818776,0.028978315527452003,0.03556402332170722
923.001,0.003627046301345055,0.0203793509069273,0.028947118160212726,0.03552577160711834
924.001,0.003623121068293156,0.02035742029969706,0.028915987819328304,0.03548760195464773
925.001,0.0036192043217772585,0.020335536814221233,0.028884924289264036,0.035449514100937746
926.001,0.0036152960343052987,0.020313700298876802,0.028853927355406983,0.035411507783754376
927.001,0.0036113961785033677,0.02029191060269031,0.028822996804061612,0.0353735827419816
928.001,0.0036075047271161287,0.02027016757533412,0.028792132422444605,0.03533573871561546
929.001,0.0036036216530050957,0.02024847106712324,0.02876133399868014,0.035297975445757634
930.001,0.0035997469291489115,0.020226820929011763,0.02873060132179478,0.03526029267461045
931.001,0.003595880528641876,0.020205217012589233,0.0286999341817131,0.03522269014546997
932.001,0.0035920224246940857,0.02018365917007764,0.028669332369252704,0.03518516760272147
933.001,0.003588172590630323,0.02016214725432791,0.02863879567611957,0.03514772479183248
934.001,0.00358433099988964,0.020140681118816617,0.028608323894903226,0.035110361459347705
935.001,0.003580497626024748,0.02011926061764252,0.02857791681907193,0.035073077352883536
936.001,0.0035766724427012675,0.020097885605523252,0.028547574242968776,0.03503587222112159
937.001,0.003572855423697452,0.020076555937792312,0.028517295961805772,0.03499874581380408
938.001,0.0035690465429029927,0.020055271470395486,0.02848708177166065,0.034961697881727566
939.001,0.0035652457743191313,0.020034032059887963,0.02845693146947137,0.03492472817673753
940.001,0.0035614530920576037,0.02001283756343078,0.028426844853031985,0.03488783645172308
941.001,0.003557668470340225,0.019991687838787686,0.028396821720988064,0.03485102246061145
942.001,0.0035538918834981947,0.0199705827443222,0.028366861872832022,0.03481428595836222
943.001,0.0035501233059715975,0.019949522138994202,0.028336965108899048,0.034777626700962294
944.001,0.003546362712308848,0.01992850588235695,0.028307131230362353,0.03474104444542059
945.001,0.003542610077166164,0.01990753383455407,0.028277360039229094,0.03470453894976225
946.001,0.0035388653753067323,0.019886605856315964,0.028247651338335733,0.03466810997302372
947.001,0.003535128581600433,0.019865721808957293,0.028218004931343743,0.03463175727524731
948.001,0.0035313996710232276,0.019844881554373667,0.02818842062273552,0.03459548061747614
949.001,0.003527678618656327,0.019824084955038707,0.02815889821780984,0.034559279761748773
950.001,0.003523965399686052,0.019803331874000768,0.02812943752267766,0.034523154471094025
951.001,0.003520259989403196,0.019782622174880415,0.028100038344258282,0.03448710450952591
952.001,0.0035165623632019694,0.019761955721866897,0.028070700490274325,0.03445112964203856
953.001,0.0035128724965802494,0.019741332379715593,0.028041423769248564,0.03441522963460117
954.001,0.003509190365138387,0.019720752013744847,0.028012207990498805,0.0343794042541527
955.001,0.0035055159445791517,0.019700214489833306,0.027983052964134447,0.03434365326859723
956.001,0.0035018492107065646,0.019679719674416618,0.027953958501052256,0.03430797644679859
957.001,0.003498190139426205,0.019659267434484734,0.02792492441293193,0.03427237355857593
958.001,0.003494538706744099,0.01963885763757922,0.02789595051223248,0.034236844374698205
959.001,0.003490894888766194,0.019618490151790208,0.027867036612188117,0.03420138866687972
960.001,0.0034872586616981616,0.01959816484575347,0.027838182526804034,0.03416600620777516
961.001,0.0034836300018447897,0.01957788158864779,0.027809388070852703,0.03413069677097458
962.001,0.0034800088856090095,0.019557640250192132,0.02778065305986971,0.03409546013099882
963.001,0.003476395289492118,0.019537440700642783,0.027751977310150028,0.034060296063294776
964.001,0.0034727891900928065,0.019517282810790598,0.027723360638743894,0.03402520434423034
965.001,0.0034691905641067167,0.01949716645195826,0.027694802863453383,0.03399018475109003
966.001,0.003465599388325996,0.0194770914959978,0.027666303802827752,0.033955237062070154
967.001,0.003462015639638827,0.0194570578152872,0.027637863276160524,0.03392036105627422
968.001,0.0034584392950287868,0.019437065282728594,0.027609481103485045,0.03388555651370814
969.001,0.0034548703315745444,0.019417113771744765,0.027581157105570964,0.03385082321527583
970.001,0.003451308726449276,0.019397203156277132,0.02755289110392045,0.03381616094277459
971.001,0.0034477544569201657,0.01937733331078262,0.027524682920764376,0.033781569478890494
972.001,0.0034442075003479344,0.01935750411023132,0.027496532379058858,0.033747048607193936
973.001,0.003440667834186395,0.019337715430103708,0.027468439302480996,0.033712598112135145
974.001,0.0034371354359818695,0.0193179671463882,0.027440403515426037,0.033678217779039676
975.001,0.003433610283372912,0.019298259135578366,0.02741242484300302,0.03364390739410411
976.001,0.0034300923540896144,0.01927859127467052,0.02738450311103141,0.03360966674439142
977.001,0.003426581625953301,0.019258963441161264,0.02735663814603756,0.033575495617826745
978.001,0.0034230780768759184,0.01923937551304447,0.02732882977525128,0.03354139380319307
979.001,0.0034195816848597016,0.01921982736880934,0.0273010778266016,0.03350736109012692
980.001,0.003416092427996731,0.01920031888743773,0.027273382128714108,0.03347339726911375
981.001,0.003412610284468265,0.01918084994840133,0.02724574251090689,0.03343950213148397
982.001,0.0034091352325445468,0.019161420431659526,0.027218158803187287,0.03340567546940887
983.001,0.0034056672505842767,0.019142030217656897,0.027190630836248147,0.03337191707589607
984.001,0.003402206317033918,0.019122679187320746,0.02716315844146472,0.03333822674478501
985.001,0.0033987524104276967,0.019103367222058465,0.027135741450891065,0.033304604270743776
986.001,0.003395305509386687,0.01908409420375551,0.027108379697256463,0.033271049449263956
987.001,0.0033918655926186425,0.01906486001477256,0.027081073013962342,0.03323756207665707
988.001,0.0033884326389178876,0.01904566453794354,0.027053821235078795,0.03320414195005028
989.001,0.0033850066271639,0.019026507656573016,0.027026624195341103,0.03317078886738242
990.001,0.003381587536321895,0.019007389254433738,0.026999481730146546,0.033137502627399784
991.001,0.003378175345441825,0.01898830921576458,0.026972393675551154,0.03310428302965232
992.001,0.003374770033658242,0.018969267425268027,0.026945359868266183,0.033071129874489374
993.001,0.0033713715801895194,0.018950263768107684,0.026918380145655063,0.033038042963055986
994.001,0.003367979964337936,0.018931298129906682,0.026891454345730037,0.033005022097288644
995.001,0.003364595165488843,0.01891237039674426,0.026864582307149026,0.03297206707991179
996.001,0.003361217163110275,0.018893480455154515,0.026837763869212383,0.03293917771443319
997.001,0.003357845936752729,0.018874628192123682,0.02681099887185953,0.032906353805141064
998.001,0.003354481466048581,0.018855813495087803,0.02678428715566611,0.03287359515709917
999.001,0.003351123730712058,0.018837036251930728,0.026757628561840607,0.03284090157614372
